{
    "knight": [
        {
            "rotation": [
                [
                    -0.12408575554987902,
                    0.9922714966338889,
                    -0.0
                ],
                [
                    -0.6357792507612677,
                    -0.07950560803392866,
                    -0.767764790655555
                ],
                [
                    -0.7618316530382913,
                    -0.09526874103201277,
                    0.6407306934768907
                ]
            ],
            "translation": [
                0.0010639602285170355,
                0.006099393664398276,
                0.006068171452314262
            ],
            "p_i": [
                0.0011870560343167072,
                0.0071153312941370245,
                0.006502434779666991
            ],
            "p_j": [
                0.0009408644227173637,
                0.005083456034659528,
                0.005633908124961533
            ]
        },
        {
            "rotation": [
                [
                    -0.12426125783067374,
                    0.9922495338874253,
                    0.0
                ],
                [
                    0.6157518287897829,
                    0.0771117487288503,
                    0.7841556317415793
                ],
                [
                    0.7780802163944097,
                    0.09744043514319604,
                    -0.6205597496594492
                ]
            ],
            "translation": [
                0.0010523664596550296,
                0.005944912439246727,
                0.006193301484812976
            ],
            "p_i": [
                0.0011740900208487967,
                0.004899891637555584,
                0.0057807749467065775
            ],
            "p_j": [
                0.0009306428984612626,
                0.00698993324093787,
                0.006605828022919375
            ]
        },
        {
            "rotation": [
                [
                    0.35668377815055363,
                    -0.9342251763936701,
                    0.0
                ],
                [
                    -0.5797441482169443,
                    -0.22134420943180771,
                    0.7841556317415793
                ],
                [
                    -0.7325799635619656,
                    -0.2796963684392848,
                    -0.6205597496594492
                ]
            ],
            "translation": [
                0.0013017395813115962,
                0.005988951443263014,
                0.006158463117786007
            ],
            "p_i": [
                0.0009306428984612626,
                0.00698993324093787,
                0.006605828022919375
            ],
            "p_j": [
                0.0016728362641619298,
                0.004987969645588159,
                0.005711098212652639
            ]
        },
        {
            "rotation": [
                [
                    -0.4325072304882159,
                    -0.9016304638999999,
                    -0.0
                ],
                [
                    0.5777027181852057,
                    -0.27712085233135364,
                    -0.767764790655555
                ],
                [
                    0.6922406106093725,
                    -0.3320640564632861,
                    0.6407306934768907
                ]
            ],
            "translation": [
                -0.0003134004035446928,
                0.006074934325158045,
                0.006088552124798913
            ],
            "p_i": [
                0.00015877856328527307,
                0.005085203293127849,
                0.0056324478558068495
            ],
            "p_j": [
                -0.0007855793703746587,
                0.007064665357188241,
                0.0065446563937909775
            ]
        },
        {
            "rotation": [
                [
                    -0.23595566257654915,
                    0.8571584334473975,
                    -0.4578256378294582
                ],
                [
                    -0.6307039540865288,
                    -0.493498456043676,
                    -0.5988920982611077
                ],
                [
                    -0.7392817092270574,
                    0.14744046836915373,
                    0.6570569244448194
                ]
            ],
            "translation": [
                0.0005140699101660488,
                0.006878475248969113,
                0.005331769596344998
            ],
            "p_i": [
                0.0005769470035479598,
                0.007287637137186186,
                0.006335734999340453
            ],
            "p_j": [
                0.0004511928167841377,
                0.006469313360752039,
                0.004327804193349542
            ]
        },
        {
            "rotation": [
                [
                    0.19625887116343427,
                    -0.9805521164491133,
                    0.0
                ],
                [
                    -0.6084928622741451,
                    -0.12179069343261929,
                    0.7841556317415793
                ],
                [
                    -0.768907595261659,
                    -0.15389792554433424,
                    -0.6205597496594492
                ]
            ],
            "translation": [
                0.0011251916253373127,
                0.005847919758302742,
                0.0062700304366395555
            ],
            "p_i": [
                0.0009306428984612626,
                0.00698993324093787,
                0.006605828022919375
            ],
            "p_j": [
                0.0013197403522133629,
                0.004705906275667615,
                0.005934232850359737
            ]
        },
        {
            "rotation": [
                [
                    0.46296351602929586,
                    -0.886377335378965,
                    -0.0
                ],
                [
                    0.567929563710487,
                    0.29663514298796445,
                    -0.767764790655555
                ],
                [
                    0.6805297873637909,
                    0.35544733657347305,
                    0.6407306934768907
                ]
            ],
            "translation": [
                0.0006729172988009901,
                0.006100267293632437,
                0.00606744131773692
            ],
            "p_i": [
                0.00015877856328527307,
                0.005085203293127849,
                0.0056324478558068495
            ],
            "p_j": [
                0.0011870560343167072,
                0.0071153312941370245,
                0.006502434779666991
            ]
        },
        {
            "rotation": [
                [
                    0.13039873349862252,
                    0.9914616320407713,
                    0.0
                ],
                [
                    0.6152628873218184,
                    -0.08092042963890937,
                    0.7841556317415793
                ],
                [
                    0.7774623770873862,
                    -0.10225318457911814,
                    -0.6205597496594492
                ]
            ],
            "translation": [
                0.0008028015857467312,
                0.005809175660759067,
                0.00630068011004852
            ],
            "p_i": [
                0.0006749602730321998,
                0.004628418080580263,
                0.005995532197177665
            ],
            "p_j": [
                0.0009306428984612626,
                0.00698993324093787,
                0.006605828022919375
            ]
        }
    ]
}